ISBN;count;mean
3404118960;3;10.0
0439425220;17;9.823529411764707
0060256656;15;9.8
0618002235;18;9.777777777777779
3426029553;3;9.666666666666666
193156146X;15;9.666666666666666
0836218787;19;9.631578947368421
006440188X;16;9.625
0836218221;17;9.588235294117647
0836220889;19;9.578947368421053
