ISBN;weight
0439425220;9.716056006050906
0060256656;9.680563006807269
0618002235;9.6783688478377
193156146X;9.555563006807269
0836218787;9.544450405445815
006440188X;9.522882829936252
0060256672;9.494450405445814
0836220889;9.494450405445814
0743454529;9.494450405445814
0836218221;9.493833783828684
